"","sample.id","length","age","sex","maturity","ungutted","gutted","liver","gonad"
"1",427959,84,8,"Males","3",5698,4859,190,376
"2",389891,40,2,"Females","1",536,479,12,NA
"3",183624,102,10,"Males","3",8720,7030,426,871
"4",325208,100,8,"Females","4",9075,7780,293,NA
"5",320019,63,8,"Females","2",2474,1929,171,281
"6",335889,97,10,"Males","4",7665,6830,296,NA
"7",220013,38,3,"Females","1",412,389,3,NA
"8",227171,59,NA,"Females","1",1735,1350,135,NA
"9",203972,28,3,"Males","1",194,158,11,NA
"10",430505,85,8,"Males","3",5655,4790,280,460
"11",67790,70,6,"Females","2",3548,2811,177,366
"12",358503,62,5,"Males","1",1824,1544,57,NA
"13",411301,95,8,"Females","5",11070,8205,707,95
"14",300914,76,7,"Males","2",3890,3184,223,221
"15",174161,70,5,"Females","4",3830,3302,137,15
"16",394866,89,5,"Males","2",8300,5875,490,795
"17",373702,81,NA,NA,NA,4000,NA,NA,NA
"18",426786,73,5,"Males","3",3716,2992,220,366
"19",420632,81,6,"Females","4",4483,3972,108,16
"20",365034,55,5,"Males","1",1384,1207,80,NA
"21",173745,70,3,"Females","4",2992,2393,207,NA
"22",112753,70,6,"Males","1",2864,2464,207,NA
"23",15567,62,NA,NA,NA,2500,2100,NA,NA
"24",300370,79,7,"Males","2",4178,3298,190,471
"25",268904,49,4,"Females","1",1052,913,65,NA
"26",368680,104,11,"Males","3",10225,7545,775,1530
"27",96386,59,5,"Females","1",1703,1549,15,NA
"28",211353,61,5,"Females","1",1990,1826,NA,NA
"29",357812,56,5,"Females","1",1601,1316,200,NA
"30",280554,59,6,"Males","1",1861,1567,101,NA
"31",173032,57,6,"Females","1",1867,1621,108,NA
"32",294918,42,3,"Females","1",667,589,28,NA
"33",334200,99,10,"Females","22",11425,8310,484,1918
"34",400416,102,9,"Females","4",9720,8245,788,NA
"35",63033,67,5,"Males","2",2814,2273,235,194
"36",88984,72,NA,"Males","3",3464,2646,171,540
"37",432513,82,7,"Males","4",5050,4460,150,NA
"38",385680,59,5,"Males","1",1707,1495,62,NA
"39",436108,58,4,"Females","1",1633,1447,75,NA
"40",31540,119,NA,"Females","3",20208,13731,NA,NA
"41",67205,81,6,"Males","1",5112,4114,361,NA
"42",346157,96,10,"Females","2",8385,6745,579,729
"43",25462,23,2,NA,"1",100,91,NA,NA
"44",302933,70,5,"Males","5",4104,3676,154,NA
"45",330826,69,6,"Females","1",2470,2130,145,NA
"46",87568,76,7,"Males","2",4320,3498,212,468
"47",93019,94,7,"Females","2",9165,7590,NA,NA
"48",219564,57,5,"Males","2",1471,1308,41,NA
"49",214858,7.7,NA,NA,NA,3.2,NA,NA,NA
"50",17753,46,NA,"Males",NA,820,740,NA,NA
"51",114961,41,3,"Males","1",615,540,24,NA
"52",205076,72,NA,"Males","1",2926,2410,215,NA
"53",324991,48,5,"Males","1",748,687,15,NA
"54",145816,91,9,"Males","4",6055,5306,233,NA
"55",280970,69,6,"Males","2",2878,2441,116,171.9
"56",67736,76,7,"Males","2",4280,2991,375,794
"57",331070,64,6,"Males","2",2635,2130,165,220
"58",246140,47,3,"Females","1",763,683,18,NA
"59",327048,49,2,NA,NA,1172,NA,NA,NA
"60",383689,88,8,"Males","3",6275,5249,326,160
"61",184125,77,6,"Females","3",4406,3318,280,629
"62",71755,68,7,"Males","1",2910,2415,304,NA
"63",394998,48,4,"Females","1",1052,885,86,NA
"64",420642,33,2,"Males","1",391,343,8,NA
"65",209874,78,7,"Females","2",5122,3980,516,417
"66",280232,96,10,"Males","2",9619.9,6905,434,1717
"67",103603,97,8,"Females","2",10510,7555,NA,NA
"68",144538,103,8,"Females","2",10555,8285,528,946
"69",83952,75,6,"Females","4",4158,3462,335,NA
"70",268906,22,1,"Females","1",84,75,2,NA
"71",420662,75,6,"Males","4",3732,2965,151,NA
"72",184221,87,7,"Females","5",5244,4504,307,NA
"73",385553,96,NA,"Females","4",7525,6115,NA,NA
"74",263481,76,NA,"Females","1",3248,2914,114,NA
"75",394696,91,9,"Females","2",7945,6445,668,555
"76",243642,72,NA,NA,NA,2714,2414,NA,NA
"77",101250,73,6,"Males","2",3858,3128,167,441
"78",124442,91,8,"Females","3",8585,6545,627,NA
"79",308675,58,7,"Males","3",1888,1644,63,72
"80",335257,98,9,"Females","2",10640,7120,1125.9,1956
"81",148454,85,7,"Females","2",6110,4650,446,695
"82",96474,61,4,"Males","2",1771,1510,115,18
"83",120604,87,8,"Females","2",6865,5664,402,642
"84",73546,54,5,"Males","1",1387,1183,146,NA
"85",72480,54,3,"Females","1",1431,1326,NA,NA
"86",408477,56,4,"Males",NA,2060,NA,NA,NA
"87",196438,43,3,"Males","1",662,587,22,NA
"88",117774,52,4,"Males","1",1181,1094,NA,NA
"89",126570,64,6,"Females","2",2195,1708,79,218
"90",368823,82,8,"Males","3",5280,4330,245,414
"91",1e+05,66,5,"Males","1",2202,1960,139,NA
"92",67140,38,3,"Females","1",465,409,25,NA
"93",411686,51,4,"Females","1",1361,1193,45,NA
"94",369330,67,6,"Females","3",2366,1909,168,NA
"95",71743,30,2,"Females","1",234,202,9,NA
"96",140387,28,2,"Females","1",215,191,10,NA
"97",247956,72,5,"Males","4",2812,2626,41,NA
"98",97879,60,4,"Females","1",1771,1653,NA,NA
"99",123138,99,8,"Females","22",11655,8925,720,1624
"100",115989,90,8,"Males","3",8435,5928,NA,NA
"101",62648,45,3,"Females","1",623,560,17,NA
"102",254314,41,3,"Males","1",572,493,47,NA
"103",325181,65,5,"Females","1",2154,1950,93,NA
"104",265656,73,NA,"Females","1",2943,2548,NA,NA
"105",394494,49,4,"Females","1",910,845,6,NA
"106",381254,98,9,"Males","2",8925,6560,642,1393
"107",243878,55,NA,"Females","1",1526,1265,63,NA
"108",189618,101,8,NA,NA,13780,NA,NA,NA
"109",192245,4.9,NA,NA,NA,0.8,NA,NA,NA
"110",214727,5.9,NA,NA,NA,1.5,NA,NA,NA
"111",300817,66,5,"Females","2",2716,2254,166,126
"112",67491,69,5,"Females","1",2745,2071,62,NA
"113",44360,96,NA,"Females","2",10480,8340,NA,NA
"114",73254,45,4,"Males","1",890,742,18,NA
"115",280783,83,6,"Females","2",6040,5080,171.9,153
"116",162467,38,3,"Males","1",434,403,15,NA
"117",435914,44,3,"Males","1",695,651,10,NA
"118",187100,66,5,"Males","2",2669,2164,214,204
"119",62496,86,8,"Females","2",6190,5016,443,337
"120",403186,76,7,"Males","4",3428,3117,71,NA
"121",17742,73,NA,NA,NA,3200,3000,NA,NA
"122",246105,81,9,"Males","4",5572,4760,263,NA
"123",156142,58,4,"Females","1",1831,1485,111,NA
"124",129471,73,NA,"Males","3",3170,2750,146,156
"125",204046,38,3,"Males","1",581,520,22,NA
"126",247599,69,8,"Males","1",2892,2556,NA,NA
"127",123675,95,10,"Males","4",6860,6090,431,NA
"128",100862,97,NA,"Females","2",10190,7565,785,1287
"129",340030,77,6,"Males","4",4410,2745,295,NA
"130",301417,53,6,"Males","1",1169,1052,64,NA
"131",204157,67,6,"Males","2",2474,1893,113,271
"132",260418,87,7,"Males","2",7425,5994,480,585
"133",350572,112,10,"Females","2",14395,11500,371,1719
"134",407659,52,4,NA,NA,1441,NA,NA,NA
"135",192234,4.8,NA,NA,NA,0.6,NA,NA,NA
"136",425803,45,4,"Females","1",913,747,63,NA
"137",57611,103,6,"Males","3",13510,10560,744,1637
"138",159167,52,NA,NA,NA,1363,NA,NA,NA
"139",67562,70,6,"Females","1",2725,2369,175,NA
"140",220047,55,6,"Males","1",1272,1146,49,NA
"141",306094,77,6,"Females","5",3828,3224,189,NA
"142",99217,64,5,"Females","1",2226,2045,NA,NA
"143",67790,64,5,"Females","1",2231,2060,40,NA
"144",104807,88,NA,"Females","2",6880,5486,NA,766
"145",331120,76,7,"Females","4",5185,3800,295,NA
"146",67893,97,9,"Females","3",13895,10055,336,2883
"147",414474,111,10,"Females","2",14980,11565,1245,1463
"148",156017,56,3,"Males","1",1718,1558,NA,NA
"149",75487,94,7,"Males","2",7230,6260,NA,NA
"150",425373,66,6,"Males","1",2269,1908,178,NA
"151",389779,48,3,"Males","1",880,755,18,NA
"152",390551,46,4,"Females","1",673,620,18,NA
"153",229082,68,5,"Females","1",2872,2319,203,NA
"154",147163,88,7,"Males","3",7500,6295,277,591
"155",420641,96,7,"Females","4",8455,6990,397,66
"156",73610,99,7,"Males","2",9210,7380,561,956
"157",152735,49,4,"Males","1",970,NA,NA,NA
"158",204610,42,3,"Females","1",640,526,50,NA
"159",320419,69,7,"Males","2",2941,2279.9,126,666
"160",280716,60,6,"Males","2",2274,1716,46,NA
"161",76112,83,7,"Females","3",5840,4132,NA,NA
"162",330904,60,6,"Females","1",1966,1569,138,NA
"163",247956,52,4,"Females","1",1311,1188,27,NA
"164",406012,27,NA,NA,NA,149,147,NA,NA
"165",133073,95,NA,"Females","2",7715,6305,247,604
"166",345635,97,10,"Males","2",9780,7820,156,1119
"167",73988,68,5,"Males","3",3054,2478,256,205
"168",118650,43,4,"Males","1",705,583,37,NA
"169",268783,68,5,"Females","1",2505,2235,110,NA
"170",140914,62,NA,"Males","1",1865,1562,139,NA
"171",56861,106,11,"Females","2",12310,8740,1179,NA
"172",382682,93,8,"Females","22",9490,6670,1088,1252
"173",345269,62,6,"Females","1",2587,2081,211,NA
"174",15570,68,NA,NA,NA,3100,2800,NA,NA
"175",214669,6.4,NA,NA,NA,1.9,NA,NA,NA
"176",76840,83,7,"Males","2",6720,5030,NA,NA
"177",337869,71,NA,"Females","4",3116,2379,44,NA
"178",368779,95,8,"Females","22",8625,6285,579,1212
"179",256871,84,6,"Males","2",5134,4075,339,476
"180",76814,104,9,"Females","4",10150,8250,NA,NA
"181",428795,106,10,"Males","3",10690,8070,765,1245
"182",86046,75,6,"Females","1",3348,3108,NA,NA
"183",345529,48,4,"Females","1",934,791,50,NA
"184",411955,79,7,"Males","3",4440,3660,230,NA
"185",128554,92,NA,"Males","2",6485,5436,424,425
"186",219638,60,4,"Males","1",1739,1536,109,NA
"187",283565,91,8,"Females","2",7920,6170,431,957
"188",73609,28,2,"Males","1",196,174,7,NA
"189",27007,21,1,NA,NA,72,65,NA,NA
"190",214858,6,NA,NA,NA,1.4,NA,NA,NA
"191",100577,107,9,"Females","2",13055,10315,NA,NA
"192",88980,73,5,"Males","3",3210,2654,NA,NA
"193",140373,50,5,"Males","1",960,827,25,NA
"194",323896,6.9,NA,NA,NA,2.1,NA,NA,NA
"195",304611,91,7,"Males","3",7935,6005,415,NA
"196",317974,69,7,"Males","3",3562,3050,146,NA
"197",328257,57,4,NA,NA,1552,NA,NA,NA
"198",280604,38,3,"Males","1",614,461,23,NA
"199",86051,57,5,"Males","2",1663,1453,NA,NA
"200",215580,78,8,"Males","4",4494,3988,252,NA
"201",265666,71,NA,"Females","4",2529,2267,NA,NA
"202",17883,80,NA,"Males","2",4588,3736,NA,NA
"203",411869,97,9,NA,NA,6900,NA,NA,NA
"204",185605,101,10,"Females","2",10430,7735,717,1064
"205",159207,71,NA,NA,NA,3670,NA,NA,NA
"206",219931,48,3,"Females","1",978,828,49,NA
"207",134214,65,4,"Males","1",2090,1782,104,NA
"208",365040,40,3,"Males","1",525,442,26,NA
"209",203861,36,3,"Males","1",348,300,10,NA
"210",72056,63,5,NA,NA,2591,NA,NA,NA
"211",436105,30,3,"Males","1",220,197,6,NA
"212",282982,79,7,NA,NA,4890,NA,NA,NA
"213",340061,58,4,"Females","1",1555,1420,35,NA
"214",142418,92,8,"Females","2",8275,6615,374,848
"215",141176,81,7,"Males","2",5980,4408,468,777
"216",304121,87,8,NA,NA,7040,NA,NA,NA
"217",118428,22,2,"Males","1",75,66,3,NA
"218",115990,87,7,"Females","3",6695,4770,NA,NA
"219",394919,56,5,"Males","1",1587,1324,82,NA
"220",325224,110,8,"Females","4",13160,11555,683,NA
"221",134188,81,7,"Females","4",4646,4020,328,NA
"222",394928,25,2,"Females","1",123,111,3,NA
"223",186477,97,8,"Males","3",8195,6875,444,481
"224",385586,51,NA,"Males","4",1067,959,NA,NA
"225",345880,59,4,"Males","1",1861,1674,39,NA
"226",191494,84,7,"Females","4",6300,5540,256,NA
"227",173617,46,2,"Males","1",818,658,26,NA
"228",63859,120,11,"Males","3",15300,NA,1194,2509
"229",116708,91,7,"Males","2",7430,6045,NA,854
"230",371807,83,10,"Males","3",4404,3760,304,NA
"231",420642,23,1,"Males","1",88,80,3,NA
"232",379226,25,2,"Males","1",142,129,1,NA
"233",254015,64,5,"Males","2",2557,1910,270,159
"234",335889,83,7,"Males","3",4844,3994,347.9,NA
"235",118210,33,2,"Males","1",330,300,10,NA
"236",359215,96,NA,NA,NA,7030,6005,382,NA
"237",75414,84,7,"Males","2",4530,4028,NA,NA
"238",364725,90,8,"Females","2",7485,5833.9,795,644
"239",120598,82,7,"Females","2",5740,4298,505,734
"240",205068,48,NA,"Males","1",1231,921,39,NA
"241",195941,60,5,"Males","4",1757,1464,99,NA
"242",405699,53,4,"Males",NA,1300,NA,NA,NA
"243",62685,37,3,"Males","1",412,363,17,NA
"244",399371,60,5,"Females","4",2000,NA,NA,15
"245",67728,84,6,"Females","2",6500,4858,253,453
"246",129467,69,NA,"Males","3",2547,2141,100,141
"247",71695,82,7,"Females","4",5580,4932,403,NA
"248",305799,56,5,"Males","1",1437,1313,72,NA
"249",267976,56,4,"Males","4",1426,1240,44,NA
"250",75523,103,6,"Females","2",12830,10215,NA,NA
"251",265673,78,NA,"Females","1",3866,3534,NA,NA
"252",317059,107,8,"Females","22",15695,11185,646,3284
"253",358548,83,8,"Males","2",4806,4058,366,161
"254",141192,91,9,"Females","2",8225,6495,665,786
"255",415555,52,5,NA,NA,1495,NA,NA,NA
"256",100089,73,5,"Males","1",3238,2800,124,NA
"257",425686,71,6,"Males","2",3780,2950,310,400
"258",358079,104,10,"Females","4",11365,9775,813,NA
"259",183310,69,6,"Females","22",3206,2451,256,326
"260",330988,13,1,NA,NA,14,NA,NA,NA
"261",370207,91,7,"Females","2",7135,5538,393,875
"262",62560,58,4,"Males","1",1712,1457,87,NA
"263",207945,85,6,"Females","22",6055,4548,199,995
"264",86806,68,6,"Males","1",3170,2487,388,NA
"265",185118,96,8,"Males","3",8200,7255,302,310
"266",304590,52,4,"Males","2",1475,1266.9,32,67
"267",281063,56,NA,"Females","2",1743,1421,140.9,97
"268",159191,42,NA,NA,NA,734,NA,NA,NA
"269",113629,76,7,"Males","2",4452,3548,301,441
"270",15535,65,NA,NA,NA,2800,2400,NA,NA
"271",406031,70,NA,NA,NA,2892.9,2525.9,161,NA
"272",56503,96,8,"Males","2",8360,6740,179,NA
"273",70616,44,NA,"Males","1",632,534,40,NA
"274",73529,46,3,"Males","1",840,711,64,NA
"275",73947,88,6,"Females","2",5832,4602,492,504
"276",340455,42,3,"Females","1",583,522,NA,NA
"277",330553,48,4,"Females","1",1015,700,60,NA
"278",230184,49,4,"Females","1",1159,931,80,NA
"279",398243,81,8,"Males","2",6145,4738,545,645
"280",385565,46,NA,"Females","1",759,705,NA,NA
"281",413671,83,9,"Males","2",5160,4195,208,514
"282",385217,71,7,"Females","4",3212,2505.9,101,NA
"283",254082,62,5,"Males","1",2343,1841,63,NA
"284",365145,98,7,"Females","2",10805,7715,1112,930
"285",370273,87,8,"Males","3",6310,4875,384,770
"286",312531,48,3,"Females","1",1234,1073,53,NA
"287",208372,90,9,"Females","32",5100,4540,121,NA
"288",233602,59,5,"Females","1",1553,1421,58,NA
"289",411578,59,5,"Males","1",1768,1460,85,NA
"290",324971,19,1,NA,NA,50,NA,NA,NA
"291",56811,42,4,"Males","1",690,583,20,NA
"292",414810,105,11,"Males","2",11560,8040,870,2055
"293",159169,42,NA,NA,NA,775,NA,NA,NA
"294",345619,52,4,"Males","4",1594,1268,103,NA
"295",434663,92,8,"Females","4",6955,6035,400,NA
"296",173877,61,4,"Males","5",1792,1547,97,NA
"297",119162,69,6,"Females","2",2863,2496,148,98
"298",247417,74,9,"Males","2",4038,3522,253,35
"299",109111,61,3,"Females",NA,2090,1918,NA,NA
"300",167331,31,NA,"Females","1",227,207,3,NA
"301",365049,39,4,"Males","1",547,458,31,NA
"302",406433,99,7,"Females","4",10850,8235,1135,200
"303",406772,42,4,"Males","1",650,584,18,NA
"304",324932,69,6,"Females","2",2971,2537.9,150,34
"305",412024,105,10,"Females","2",11375,8505,1275,1075
"306",118658,26,2,"Females","1",130,112,4,NA
"307",192305,4.4,NA,NA,NA,0.7,NA,NA,NA
"308",266238,58,4,NA,NA,1762,NA,NA,NA
"309",325163,38,3,"Males","1",484,440,15,NA
"310",162014,87,7,"Males","2",5980,4616,401,727
"311",267944,31,2,"Females","1",254,223,7,NA
"312",118664,44,4,"Males","1",656,611,NA,NA
"313",195491,59,3,"Males","4",1620,1530,81,NA
"314",187989,36,2,"Males","1",403,369,10,NA
"315",159189,41,NA,NA,NA,780,NA,NA,NA
"316",159199,49,NA,NA,NA,1413,NA,NA,NA
"317",67383,69,6,"Males","2",3196,2608,326,94
"318",254133,80,7,"Males","5",4582,4054,101,NA
"319",70478,50,3,"Females","1",988,864,NA,NA
"320",294210,67,5,"Females","1",2787,2498,110,NA
"321",187002,102,12,"Females","22",11180,8255,843,1343
"322",268101,65,5,"Females","1",2324,2009,139,NA
"323",345005,81,7,"Females",NA,5104,4578,121,NA
"324",73429,47,3,"Females","1",1113,868,81,NA
"325",67455,38,3,"Males","1",504,441,30,NA
"326",100884,90,NA,"Males","2",6485,5222,140,935
"327",205066,49,NA,"Males","1",1382,1059,35,NA
"328",95902,99,7,"Males","3",11150,8890,524,1189
"329",133055,96,NA,"Males","2",9525,7250,643,1343
"330",67330,108,10,"Females","2",13740,11335,675,1306
"331",420670,30,2,"Males","1",229,211,3,NA
"332",120726,95,NA,"Females","2",7060,5712,261,784
"333",182338,113,10,NA,NA,14430,NA,NA,NA
"334",334422,39,3,"Males","1",595,516,6,NA
"335",71642,64,5,"Males","4",2199,1928,112,NA
"336",408613,72,5,"Females","1",3600,3255,75,NA
"337",303416,70,5,"Males","4",3494,2983,76,NA
"338",254098,77,6,"Females","4",4258,3798,109,NA
"339",210459,66,6,"Males","3",2301,2008,110,NA
"340",67486,83,5,"Females","1",5950,4936,280,NA
"341",268888,46,3,"Males","1",748,661,41,NA
"342",321182,49,4,"Females","1",1131.9,996,41,NA
"343",185209,120,NA,"Males","3",22160,18530,766,2189
"344",321838,79,6,"Females","1",3656,3350,128,NA
"345",312269,21,1,"Males","1",82,72,4,NA
"346",435953,46,3,"Females","1",868,726,21,NA
"347",73224,59,6,"Males","2",1666,1477,78,21
"348",340088,117,12,"Females","4",14395,12645,350,NA
"349",68071,72,6,"Males","3",2907,2492,92,196
"350",357539,103,8,"Females","4",8635,7375,475,NA
"351",406701,80,5,"Females","1",3908,3342,259,NA
"352",302235,88,9,"Females","3",7265,4702,413,1135.9
"353",399633,91,7,"Females","2",8175,6310,695,804
"354",426889,108,12,"Males","3",13225,10150,831,1715
"355",335889,93,9,"Males","3",7880,6655,296,NA
"356",256442,80,7,"Males","3",5622,4496,126,587
"357",411045,45,4,"Females","1",817,720,49,NA
"358",425250,25,2,"Males","1",136,124,3,NA
"359",106974,52,3,"Females","1",1454,1330,NA,NA
"360",294935,31,2,"Males","1",233,215,8,NA
"361",420631,66,4,"Females","1",2555,2180,168,NA
"362",357542,81,6,"Males","4",5340,4033,513,NA
"363",120323,71,7,"Males","2",3150,2600,NA,NA
"364",180731,61,6,"Females","5",1784,1644,NA,NA
"365",380931,55,3,"Females","1",1599,1449,24,NA
"366",435917,62,4,"Males","1",2106,1951,58,NA
"367",374170,97,8,"Females","4",8135,6620,689.9,101
"368",286151,93,11,"Males","2",7310,6385,291,144
"369",311286,77,7,"Females","2",3548,3130,136,32
"370",17761,60,NA,"Females","1",1800,1600,NA,NA
"371",100971,60,NA,"Males","3",1980,1650,85,140
"372",100403,85,8,"Females","1",4410,4022,49,NA
"373",159167,46,NA,NA,NA,1014,NA,NA,NA
"374",87415,47,5,"Females","1",892,773,32,NA
"375",318107,93,9,"Males","3",8490,7345,375,NA
"376",214741,7.3,NA,NA,NA,2.7,NA,NA,NA
"377",373702,88,NA,NA,NA,5400,NA,NA,NA
"378",391212,71,6,"Females","1",2972,2603,56,NA
"379",349007,88,6,"Females","4",7025,6010,423,NA
"380",185679,54,5,"Males","3",1339,1164,29,66
"381",350123,59,5,"Males","3",1566,1328,59,NA
"382",410913,27,2,"Females","1",159,147,3,NA
"383",85918,48,3,"Females","1",1046,977,15,NA
"384",268101,65,5,"Females","1",2277,1918,147,NA
"385",124781,95,9,"Males","3",6010,5350,137,NA
"386",367365,80,8,"Females","3",5980,4202,536,1002
"387",104156,109,9,"Females","2",13810,10040,839,NA
"388",394790,89,7,"Females","2",6915,5519.9,596,510
"389",312509,18,1,NA,NA,42.9,NA,NA,NA
"390",404721,52,4,"Males","1",1033,937,35,NA
"391",101307,95,8,"Females","22",9645,6780,744,1781
"392",323718,65,5,"Females","4",2215,1910,NA,NA
"393",86960,49,4,"Males","1",944,859,NA,NA
"394",319987,85,8,"Males","2",4958,4148,142.9,413
"395",187598,91,8,"Females","1",6530,4842,182,NA
"396",17820,91,NA,"Males","2",6120,5000,NA,NA
"397",127766,83,NA,"Females","1",5586,4880,351,NA
"398",415551,55,5,NA,NA,1676,NA,NA,NA
"399",415520,66,5,"Males","4",3604,3046,247,NA
"400",405695,41,3,"Males",NA,730,NA,NA,NA
"401",189618,96,8,NA,NA,9660,NA,NA,NA
"402",119820,65,6,"Females","1",2255,1955,143,NA
"403",192283,5.1,NA,NA,NA,0.9,NA,NA,NA
"404",365166,89,8,"Females","2",6910,5660,687,242
"405",404227,48,4,NA,NA,1055,NA,NA,NA
"406",159173,59,4,"Males","1",2131,1662,NA,NA
"407",316066,36,3,"Females","1",354,326,10,NA
"408",63086,81,8,"Males","2",5294,3960,311,625
"409",383249,88,8,"Females","4",6410,5565,455,NA
"410",323164,53,NA,"Males","4",1119,983,19,NA
"411",180918,63,5,"Females","1",2226,1848,204,NA
"412",253558,71,7,"Males","1",3120,2911,61,NA
"413",67145,54,5,"Females","2",1340,1093,117,67
"414",258085,84,7,"Females","2",4648,3938,210,309
"415",89029,94,NA,"Females","2",7580,5888,353,939
"416",379521,84,8,"Males","2",5305,4394,285,417
"417",180916,69,5,"Females","5",2524,2125,208,NA
"418",96380,39,2,"Females","1",477,432,17,NA
"419",364811,66,6,"Females","1",2746,2198,222,NA
"420",74430,81,NA,"Females","22",3972,3270,230,275
"421",379109,37,3,"Males","1",482,397,25,NA
"422",394993,59,4,"Females","1",1721,1510,111,NA
"423",303591,70,6,"Females","1",3536,2943,142.9,NA
"424",406391,55,3,"Males","1",1450,1315,40,NA
"425",192307,5.3,NA,NA,NA,0.9,NA,NA,NA
"426",245709,60,NA,"Males","1",2207,2003,59,NA
"427",100135,63,5,"Females","1",2005,1728,150,NA
"428",74050,75,6,"Males","3",3928,3408,136,230
"429",124108,111,11,"Females","4",12560,9920,511,NA
"430",430556,97,10,"Males","3",7725,6720,375,300
"431",17742,63,NA,NA,NA,2300,2100,NA,NA
"432",86952,51,4,"Males","1",1156,951,87,NA
"433",300807,94,8,"Males","2",6930,5558,277,823
"434",390544,37,3,"Males","1",367,335,6,NA
"435",180276,27,2,"Females","1",139,123,3,NA
"436",348994,70,6,"Females","22",3082,2449,244,388
"437",159201,48,NA,NA,NA,1031,NA,NA,NA
"438",86505,85,8,"Females","4",5698,4744,107,NA
"439",119108,88,8,"Males","2",6720,5456,460,543
"440",367442,97,11,"Males","3",9200,6970,588,1336
"441",205106,50,NA,"Females","1",1103,937,38,NA
"442",100577,95,8,"Females","2",9730,7965,NA,NA
"443",268452,52,5,"Females","1",1417,1191,122,NA
"444",97645,56,4,"Females","1",1641,1369,82,NA
"445",387942,20,1,"Females","1",55,51,1,NA
"446",183946,73,5,"Females","22",4446,3570,175,459
"447",435936,84,6,"Males","4",5370,4042,306,58
"448",75173,83,7,"Males","3",5228,4700,NA,NA
"449",175005,54,3,"Males","1",1219,1071,45,NA
"450",411027,29,3,"Males","1",280,212,13,NA
"451",158403,54,3,"Males","1",1340,NA,NA,NA
"452",435496,97,NA,"Females","4",8115,6325,333,NA
"453",389981,45,3,"Females","1",675,619,8,NA
"454",17882,76,NA,"Females","2",5065,3776,NA,NA
"455",316069,36,3,"Females","1",378,328,15,NA
"456",68060,113,7,"Males","3",14935,12625,661,1184
"457",220055,60,4,"Males","5",2010,1607,166,NA
"458",276041,55,NA,"Males","1",1625,1288,93,NA
"459",201285,62,NA,NA,NA,2240,1991,127,NA
"460",425666,61,6,"Males","2",2395,1775,205,335
"461",96402,90,9,"Females","4",6075,4990,276,NA
"462",63490,102,6,"Males","3",11925,9300,583,1532
"463",74185,124,11,"Males","3",22090,17850,1147,2433
"464",412461,82,7,"Males","3",5255,4050,230,770
"465",267967,49,3,"Females","1",952,833,19,NA
"466",75468,67,5,"Females","4",2973,2676,NA,NA
"467",127802,91,NA,"Males","3",8420,6445,392,1404
"468",25700,69,5,"Females","2",3713,2754,NA,NA
"469",120642,110,NA,"Females","2",14095,11435,630,1074
"470",104117,98,8,"Males","3",11565,8405,306,NA
"471",325249,66,NA,"Females","1",2196,1900,91,NA
"472",340028,62,5,"Females","4",1878,1700,87,NA
"473",210150,92,9,"Males","3",6945,5540,245,908
"474",186913,88,9,"Females","22",5986,4462,10,863
"475",201217,46,4,"Females","1",652,579,34,NA
"476",263566,71,NA,"Males","4",2758,2239,129,NA
"477",209976,78,8,"Females","2",4142,3410,254,337
"478",406700,106,11,"Females","4",11905,8965,1540,243
"479",300475,59,5,"Females","1",2100,1816,95,NA
"480",420971,108,10,"Females","2",14605,12490,1035,218
"481",300725,55,5,"Females","1",1553,1377,48,NA
"482",124907,76,6,"Males","3",3742,3140,207,NA
"483",129505,78,NA,"Males","3",3460,3066,134,75
"484",206884,66,6,"Males","3",2267,1770,162,289
"485",390719,69,NA,"Males",NA,2871,2557,173.9,NA
"486",162574,53,4,"Females","1",1420,1136,70,NA
"487",429975,71,6,"Females","4",3174,2471,258,NA
"488",85080,67,5,"Males","2",2783,2245,NA,NA
"489",333857,95,8,"Females","2",9955,7305,660,1520
"490",120766,84,7,"Females","22",4576,3440,123,612
"491",385703,60,3,"Females","1",2450,2245,84,NA
"492",56587,51,4,"Females","1",1161,942,132,NA
"493",104502,97,8,"Females","1",10010,8260,688,NA
"494",359849,66,6,"Females",NA,3140,2624,46,NA
"495",96470,68,5,"Males","1",2806,2518,115,NA
"496",140928,38,3,"Males","1",441,390,18,NA
"497",173859,61,4,"Males","4",1893,1627,136,NA
"498",345677,43,4,"Males","1",678,552,26,NA
"499",209192,74,6,"Females","32",3624,3002,75,NA
"500",74082,97,9,"Males","3",8630,6730,419,1220
"501",161327,39,3,"Males","1",464,420,18,NA
"502",411020,33,3,"Males","1",266,231,14,NA
"503",406710,60,4,"Females","1",1789,1552,76,NA
"504",316265,67,6,"Females","1",3080,2400.9,440,NA
"505",214669,6.5,NA,NA,NA,2.2,NA,NA,NA
"506",73692,120,14,"Females","2",19460,14500,1424,1981
"507",89033,68,5,"Females","1",3224,2502,110,NA
"508",56643,47,4,"Females","1",905,757,88,NA
"509",229738,55,5,"Males","1",1559,1292,78,NA
"510",335889,109,10,"Males","3",11895,10390,593,NA
"511",86043,76,6,"Females","1",4002,3714,NA,NA
"512",62589,145,17,"Females","2",29580,22020,1667,3154
"513",365169,82,8,"Females","2",5692,4546,589,180
"514",254248,34,3,"Females","1",344,296,8,NA
"515",64377,60,6,"Males","1",1971,1658,83,NA
"516",407659,67,6,NA,NA,3162,NA,NA,NA
"517",63768,68,5,"Males","3",2663,2249,96,213
"518",300767,51,4,"Females","1",1084,946,73,NA
"519",83775,58,4,"Females","1",1510,1399,NA,NA
"520",243659,64,NA,NA,NA,2172,1841,NA,NA
"521",268475,72,6,"Males","1",2875,2660,42.9,NA
"522",246444,64,5,"Males","1",2186,1842,115,NA
"523",415492,69,6,"Males","4",2708,2389,51,NA
"524",406229,48,3,"Females","1",1184,962,62,NA
"525",202585,68,5,"Females","1",2522,2371,NA,NA
"526",156281,68,5,"Females","1",2678,2244,177,NA
"527",96377,41,2,"Males","1",606,555,19,NA
"528",95347,92,5,"Females","1",9760,8300,880,NA
"529",100577,95,8,"Males","2",10090,7810,NA,NA
"530",312680,59,5,"Males","2",2187,1900,101.9,123
"531",279457,30,3,"Females","1",237,220,1.3,NA
"532",161435,54,4,"Males","1",1445,NA,NA,NA
"533",415318,102,10,"Males","3",9040,6730,438,1442
"534",300582,63,5,"Males","1",2255,2008,57,NA
"535",159223,68,NA,NA,NA,3120,NA,NA,NA
"536",174171,76,4,"Males","2",4946,3966,156,369
"537",182250,72,7,NA,NA,3836,NA,NA,NA
"538",324875,67,5,"Males","2",3832,2957,447,47
"539",345653,55,4,"Males","1",1432,1328,23,NA
"540",101249,90,8,"Females","2",6445,5096,379,786
"541",412098,85,7,"Females","2",5696,4582,407,485
"542",220001,43,3,"Males","2",669,616,14,NA
"543",159211,57,NA,NA,NA,1738,NA,NA,NA
"544",365047,25,2,"Males","1",123,107,7,NA
"545",313194,84,7,"Males","4",7575,6455,464,NA
"546",280083,87,9,"Males","2",7215,5304,598,1124
"547",229505,52,4,"Males","1",1240,1062,84,NA
"548",326369,43,4,"Males","2",798,688,48,NA
"549",330972,37,3,"Males","1",405,357,9,NA
"550",155156,67,5,"Females","1",2507,2253,76,NA
"551",219586,57,NA,"Males","1",1409,1213,62,NA
"552",247400,59,4,"Females","1",1656,1453,58,NA
"553",173679,44,NA,"Males","1",504,444,13,NA
"554",295189,52,4,NA,NA,1311,NA,NA,NA
"555",403186,102,NA,"Females","4",9560,8335,678,NA
"556",73822,82,7,"Females","2",4884,3878,226,317
"557",17772,93,NA,"Females","2",9000,6900,NA,NA
"558",389887,43,2,"Males","1",730,652,25,NA
"559",406014,39,NA,NA,NA,450,406,6,NA
"560",301423,53,5,"Males","2",1601,1203,149,202
"561",208173,106,12,"Males","3",12770,9565,792,2207
"562",389880,64,4,"Females","1",2537,2116,83,NA
"563",88695,69,7,"Females","2",3654,2833,174,438
"564",412965,99,9,"Females","2",8310,6385,581,964
"565",214737,6.7,NA,NA,NA,2.2,NA,NA,NA
"566",214813,7.6,NA,NA,NA,2.7,NA,NA,NA
"567",357797,81,7,"Females","4",5382,4390,518,NA
"568",166755,69,5,"Males","3",3354,2372,337,448
"569",406034,29,NA,NA,NA,180,166,2,NA
"570",118246,47,4,"Males","1",844,773,19,NA
"571",436078,20,1,"Males","1",64,58,1,NA
"572",406114,57,3,"Females","1",1446,1312,57,4
"573",379409,35,3,"Males","1",359,327,13,NA
"574",300816,65,5,"Males","2",2725,1933,233,486
"575",192198,4,NA,NA,NA,0.4,NA,NA,NA
"576",73138,42,3,"Females","1",585,531,14,NA
"577",303918,76,7,"Males","3",3772,3354,125,NA
"578",192182,5.7,NA,NA,NA,1.1,NA,NA,NA
"579",349220,78,8,"Males","2",3993,3314,224,294
"580",172662,80,6,"Females","1",4350,3992,NA,NA
"581",70045,73,5,"Females","3",3484,2697,171,462
"582",101243,91,7,"Females","2",8700,6165,587,964
"583",207137,49,4,"Males","3",1043,842,53,104
"584",88937,89,8,"Males","3",7435,5926,439,624
"585",120756,94,6,"Females","3",10670,8450,568,1274
"586",214727,5.7,NA,NA,NA,1.3,NA,NA,NA
"587",87083,53,5,"Females","1",1139,997,43,NA
"588",379229,84,7,"Females","2",6665,4803,796,483
"589",425660,72,6,"Males","2",3765,2985,225,390
"590",203827,54,5,"Females","1",1215,1109,14,NA
"591",167250,74,6,"Females","22",4204,3248,79,NA
"592",268457,38,2,"Females","1",486,435,13,NA
"593",73220,61,5,"Females","1",1899,1682,55,NA
"594",427948,96,6,"Males","3",8975,6905,658,1025
"595",349856,87,6,"Males","3",5080,4470,219,NA
"596",87488,40,3,"Females","1",499,440,17,NA
"597",286007,49,7,"Males","4",1232,1038,17,NA
"598",280637,51,4,"Females","1",1174,1008.9,88,NA
"599",265655,69,NA,"Females","2",2744,2351,NA,NA
"600",235753,91,6,"Males","3",7050,5552,288,865
"601",383256,89,8,"Males","4",5210,4443,320,NA
"602",187735,65,NA,"Males","1",2385,1889,33,NA
"603",36072,103,NA,"Females","1",10375,8455,NA,NA
"604",89052,93,8,"Males","2",7460,6190,NA,NA
"605",153842,75,5,NA,NA,3398,NA,NA,NA
"606",415528,97,11,"Males","3",7710,6400,759,NA
"607",195953,48,4,"Females","1",917,831,29,NA
"608",118272,45,4,"Females","1",781,671,57,NA
"609",385581,55,NA,"Males","4",1336,1226,NA,NA
"610",43595,62,NA,"Males","2",1980,1600,NA,NA
"611",335889,99,9,"Males","3",7795,6690,501,NA
"612",395027,83,8,"Females","2",7005,4980,456,188
"613",83933,85,7,"Males","2",4986,4296,320,NA
"614",256853,62,5,"Females","2",2583,1909,183,224
"615",335890,90,6,"Females","4",5808,5114,291,NA
"616",73935,77,5,"Males","3",3946,3244,219,355
"617",123616,85,7,"Females","2",5410,4302,354,569
"618",74498,82,6,"Males","4",5210,4700,NA,NA
"619",100577,81,5,"Females","2",7195,5796,NA,NA
"620",17781,48,NA,NA,NA,900,700,NA,NA
"621",195577,49,4,"Females","5",1090,967,44,NA
"622",192317,4.3,NA,NA,NA,0.6,NA,NA,NA
"623",261018,58,5,"Males","3",1900,1638,39,128
"624",380448,85,7,"Females","2",5895,4276,572,515
"625",25698,89,9,"Males","2",7847,6539,NA,NA
"626",128434,68,NA,"Females","22",2846,2115,102,424
"627",189522,55,4,"Females","1",1378,1294,NA,NA
"628",368932,100,8,"Females","22",12750,8945,715,2490
"629",73933,104,6,"Males","3",12915,9860,938,1665
"630",425793,48,4,"Females","1",1010,883,59,NA
"631",394851,85,8,"Females","2",6280,4785,560,450
"632",401087,76,7,"Males","3",3854,3313,196,163
"633",281061,48,4,"Males","1",994,868,79,NA
"634",192293,3.8,NA,NA,NA,0.3,NA,NA,NA
"635",83887,72,5,"Females","2",3396,2654,118,NA
"636",73546,48,3,"Females","1",906,796,60,NA
"637",421430,82,6,"Females","4",4335,NA,130,95
"638",288605,86,6,"Females","2",6394.9,5224,214,709
"639",368951,69,7,"Females","22",3812,2703,257,567.9
"640",229174,47,5,"Males","1",822,707,42,NA
"641",364990,33,3,"Females","1",313,269,11,NA
"642",167834,54,4,"Females","5",1254,1075,23,NA
"643",196650,46,3,"Females","1",824,758,37,NA
"644",300750,26,2,"Males","1",119,106,1,NA
"645",89027,85,NA,"Females","2",5850,4226,529,712
"646",50230,62,NA,"Females","1",2145,1825,NA,NA
"647",317246,55,5,"Females","1",1637,1381.9,57,NA
"648",303944,87,NA,"Males","3",6380,4812,395,NA
"649",214683,6.6,NA,NA,NA,2.3,NA,NA,NA
"650",284946,110,6,"Females","2",21585,16180,1365,4054
"651",248211,57,5,"Males","2",1873,1461,83,46
"652",220027,47,3,"Females","1",841,749,22,NA
"653",413086,103,11,"Males","3",11585,8370,618,1703
"654",406130,106,9,"Females","4",11840,10090,960,165
"655",131653,75,6,"Females","1",3452,3198,NA,NA
"656",416188,38,3,"Males","1",446,417,9,NA
"657",394565,110,11,"Females","2",11260,8750,960,830
"658",374082,10,0,NA,NA,10,NA,NA,NA
"659",201356,62,5,"Females","1",2375,2062,133,NA
"660",163925,57,4,"Males","1",1551,1321,84,NA
"661",235765,98,8,"Males","3",9900,7390,629,1438
"662",89031,81,NA,"Females","2",5066,3924,437,459
"663",159960,47,3,"Females","1",1091,1001,NA,NA
"664",125201,82,8,"Males","2",5044,4164,280,415
"665",254580,56,4,"Males","2",1700,1419,146,59
"666",155588,90,8,"Females","4",8005,7285,236,NA
"667",391587,81,8,NA,NA,7230,NA,NA,NA
"668",354075,83,7,"Males","4",5128,4402,274,NA
"669",167321,42,NA,"Females","1",654,587,10,NA
"670",73270,29,3,"Males","1",198,167,9,NA
"671",418466,100,9,NA,NA,8625,NA,NA,NA
"672",310324,4.6,NA,NA,NA,0.5,NA,NA,NA
"673",112730,71,6,"Females","2",3182,2516,212,34
"674",336946,65,5,"Females","5",2301,2023,168,NA
"675",134893,68,NA,"Females",NA,2872,NA,NA,NA
"676",268293,77,5,"Females","1",3598,3162,155,NA
"677",311296,88,9,"Females","2",6475,5192,369,110
"678",100322,60,5,"Females","1",1969,1606,165,NA
"679",353457,57,5,"Females","1",1379,1248,30,NA
"680",268460,24,1,"Males","1",115,106,1.6,NA
"681",370313,67,5,"Males","3",2650,2260,140,105
"682",67859,99,6,"Females","22",13215,9290,1010,2439
"683",219124,26,NA,"Males","1",143,130,3,NA
"684",425946,83,6,"Females","2",4926,3968,376,321
"685",325952,54,NA,NA,NA,1385,NA,NA,NA
"686",205116,56,NA,"Females","1",1826,1500,89,NA
"687",383799,93,7,"Females","3",7940,5920,387,944
"688",159217,51,NA,NA,NA,1400,NA,NA,NA
"689",204457,59,4,"Females","1",1976,1538,165,NA
"690",267697,58,6,"Females","4",1672,1482,78,NA
"691",188009,44,3,"Males","1",578,537,10,NA
"692",72664,47,4,"Males","1",986,832,NA,NA
"693",400187,58,7,"Females","2",2732,1588,91,219
"694",236567,62,5,"Females","1",1976,1830,26,NA
"695",379062,89,9,"Females","2",9060,6590,1309,782
"696",156368,82,6,"Males","2",5284,4286,391,NA
"697",76540,82,5,"Males","4",5200,4460,NA,NA
"698",394912,57,6,"Females","1",1611,1396,99,NA
"699",159193,57,NA,NA,NA,1980,NA,NA,NA
"700",359240,35,NA,NA,NA,357,331,9,NA
"701",358051,51,5,"Females","1",1034,920,32,NA
"702",345890,12,1,NA,NA,11,NA,NA,NA
"703",128554,98,NA,"Males","4",10470,9105,679,NA
"704",280394,48,4,"Females","1",909,796,48,NA
"705",367553,78,7,"Males","3",4862,3893,280,461
"706",99813,87,8,"Females","2",6655,5372,496,482
"707",435940,40,3,"Males","1",547,493,18,NA
"708",284484,99,7,"Females","22",8385,7015,419,562.9
"709",312490,53,4,"Males","1",1448,1245,92,NA
"710",323158,73,NA,"Females","1",2779.9,2450,137,NA
"711",67986,99,NA,"Males","32",10995,9500,867,337
"712",398927,90,8,"Males","3",7430,5610,270,1235
"713",364372,51,5,"Males","1",1166,1041,144,NA
"714",153962,55,NA,"Females","1",1505,1259,42,NA
"715",294041,51,3,"Males","1",1135.9,986,70.9,NA
"716",203896,51,4,"Males","1",1056,955,26,NA
"717",17734,92,NA,NA,NA,8900,6500,NA,NA
"718",338458,66,NA,"Females","1",2398,2128,59,NA
"719",406784,99,9,"Females","2",8420,6855,652,159
"720",140914,19,NA,NA,NA,52,NA,NA,NA
"721",75487,65,7,"Males","2",2428,2086,NA,NA
"722",283976,90,7,"Males","3",7770,6309.9,248,NA
"723",346482,93,7,"Females","4",7380,6495,317,NA
"724",247253,73,7,"Females","4",3332,2742,262,NA
"725",203378,29,3,"Males","1",475,410,22,NA
"726",83725,94,6,"Females","2",7920,5854,NA,NA
"727",349569,74,7,"Females","2",3116,2486,227,291
"728",365111,91,8,"Females","2",8815,6340,1106,9
"729",312493,80,8,"Females","4",4510,3998,158,NA
"730",180215,42,3,"Males","1",633,581,23,NA
"731",86044,66,5,"Males","1",2244,2055,NA,NA
"732",192220,5.1,NA,NA,NA,0.8,NA,NA,NA
"733",371399,84,8,"Males","3",5758,4669,407,457
"734",284567,87,7,"Males","3",6645,5268,493,NA
"735",87172,76,7,"Males","2",4354,3328,388,422
"736",345804,37,3,"Females","1",427,386,2,NA
"737",220049,45,3,"Females","1",757,696,30,NA
"738",64318,69,5,"Females","1",2783,2378,171,NA
"739",394525,36,4,"Males","1",353,302,21,NA
"740",68017,91,6,"Males","3",8230,6900,202,615
"741",96180,88,8,"Males","3",5906,4714,373,617
"742",129469,73,6,"Females","2",3132,2639,86,295
"743",238743,80,NA,"Males","4",3316,2969,40,NA
"744",394799,91,8,"Males","2",8095,5960,691.9,1139.9
"745",205612,82,6,"Males","3",6035,4844,297,717
"746",100897,100,7,"Females","2",12455,9275,626,1111
"747",415262,98,8,"Males","3",10360,8110,841,960
"748",284413,99,6,"Females","2",10300,8025,788,1002.9
"749",297824,63,4,"Females","4",1494,1331,31,NA
"750",148351,77,8,"Females","5",3054,2621,228,NA
"751",260670,62,5,"Females","22",2284,1681,149,343
"752",155234,35,2,"Females","1",462,403,12,NA
"753",403190,96,10,"Males","3",8895,7720,495,NA
"754",420669,90,6,"Females","4",6585,5545,320,83
"755",57651,96,8,"Males","3",8975,7080,NA,NA
"756",107400,98,NA,"Females","3",9025,7065,271,1254
"757",86512,55,5,"Females","1",1513,1306,99,NA
"758",425297,81,8,"Females","2",4612,3714,428,196
"759",155214,68,6,"Females","1",2980,2555,98,NA
"760",110687,65,5,"Males","4",2421,2171,NA,NA
"761",229332,10,1,NA,NA,9,NA,NA,NA
"762",253997,67,6,"Males","1",3420,2415,87,NA
"763",411217,84,8,"Females","4",4213,3663,212,43
"764",267927,54,4,"Males","4",1346,1254,19,NA
"765",425538,45,4,"Males","1",707,619,42,NA
"766",315777,79,6,"Males","1",3864,3262,139,NA
"767",317974,81,6,"Females","22",6195,4488,323,1114
"768",325261,69,6,"Females","5",2686,2286,181,NA
"769",173476,49,3,"Females","1",1100,NA,NA,NA
"770",340059,71,5,"Males","4",3145,2835,40,NA
"771",118192,24,2,"Males","1",108,95,4,NA
"772",141125,104,8,"Females","2",10605,8915,609,602
"773",428139,93,7,"Males","3",6905,5141,699,840
"774",425969,47,4,"Females","1",1127.9,892,25,5
"775",387943,9,0,NA,NA,4,NA,NA,NA
"776",73350,85,8,"Males","4",4952,4072,139,NA
"777",333572,70,6,"Females","2",3070,1805,175,180
"778",325954,73,NA,NA,NA,3170,NA,NA,NA
"779",73622,52,3,"Females","1",1138,1009,58,NA
"780",330888,68,10,"Males","1",2799,2378,217,NA
"781",426099,61,6,"Females","1",1924,1661,100,NA
"782",316094,83,7,"Males","2",5896,4308,511,429
"783",421150,67,5,"Females","1",2899,2650,72,NA
"784",394909,39,4,"Females","1",541,444,33,NA
"785",303239,92,8,"Females","22",8205,5742,474,1321
"786",214665,6.5,NA,NA,NA,2.3,NA,NA,NA
"787",17774,79,NA,NA,NA,4400,3500,NA,NA
"788",406019,53,NA,NA,NA,1200,1078,56,NA
"789",73705,91,6,"Females","1",7365,6210,195,NA
"790",31547,63,6,"Males","2",2544,2321,NA,NA
"791",243704,67,NA,NA,NA,2481,2239,NA,NA
"792",320072,65,7,"Males","2",2392.9,1932,106,257
"793",316351,70,6,"Females","2",2822,2310,232,122
"794",377490,43,3,NA,NA,735,NA,NA,NA
"795",209196,58,4,"Males","1",2199,1984,71,NA
"796",161606,13,1,NA,NA,18,NA,NA,NA
"797",246470,82,8,"Females","4",4192,3582,230,NA
"798",105422,95,10,"Males","2",8850,7195,402,NA
"799",243680,62,NA,NA,NA,2063,1719,NA,NA
"800",219869,45,3,"Males","1",878,791,37,NA
"801",135195,54,4,"Males","1",1463,1287,39,NA
"802",330890,61,10,"Males","1",1563,1362,87,NA
"803",174784,49,4,"Males","1",1071,946,29,NA
"804",428358,96,NA,"Males","3",7480,6025,294,881
"805",340073,60,4,"Females","1",1493,1385,170,NA
"806",192297,4.2,NA,NA,NA,0.4,NA,NA,NA
"807",340415,90,7,"Females","4",7470,5760,302,NA
"808",365028,33,3,"Males","1",276,214,12,NA
"809",403394,60,6,"Females","1",2337,1892,78,NA
"810",112721,75,6,"Males","2",3506,2660,123,41
"811",316165,71,6,"Females","1",2779,2414,177,NA
"812",74412,75,NA,"Males","4",3262,2901,178,47
"813",334770,71,6,"Females","2",3365,2790,280,225
"814",357518,21,1,"Males","1",74,68,2,NA
"815",203340,91,8,"Males","2",6390,4926,469,732
"816",165149,110,NA,"Males","3",14075,11185,724,1628
"817",253524,61,6,"Males","2",2170,1773,40,235
"818",17777,83,NA,NA,NA,7100,5800,NA,NA
"819",308925,63,5,"Males","4",2209,1655,96,NA
"820",283533,89,7,"Males","3",6495,5348,227,NA
"821",140648,57,5,"Males","1",1854,1224,28,NA
"822",303728,95,8,"Males","3",8350,6670,227,NA
"823",346891,80,8,"Males","3",4014,3446,155,NA
"824",379226,30,3,"Females","1",250,218,3,NA
"825",114971,49,3,"Males","1",1019,938,31,NA
"826",192299,6.8,NA,NA,NA,1.7,NA,NA,NA
"827",25676,92,9,"Males","3",7200,5700,NA,NA
"828",254168,45,3,"Females","1",767,690,12,NA
"829",280452,65,7,"Males","2",2565,2125,121,171
"830",25462,12,1,NA,NA,10,7,NA,NA
"831",406126,19,1,NA,NA,60,NA,NA,NA
"832",146626,103,8,"Females","2",11750,9180,577,1618
"833",135173,57,4,"Females","1",1468,1328,43,NA
"834",181455,55,5,"Females","1",1391,1249,88,NA
"835",415555,50,6,NA,NA,1289,NA,NA,NA
"836",107225,65,NA,"Females","3",2749,2030,25,446
"837",140092,46,5,"Males","1",648,576,25,NA
"838",201358,31,2,"Males","1",296,265,7,NA
"839",340507,64,4,"Males","1",2450,2210,30,NA
"840",17729,86,NA,"Males","3",5700,4400,NA,NA
"841",389868,38,3,"Males","1",554,494,13,NA
"842",72648,90,5,"Females","2",7890,6460,NA,NA
"843",405685,16,2,"Males",NA,30,NA,NA,NA
"844",213915,87,8,"Males","2",6860,5154,NA,NA
"845",214683,5.2,NA,NA,NA,1,NA,NA,NA
"846",347351,103,8,"Males","3",10340,8800,410,NA
"847",123183,94,5,"Females","2",10760,8200,604,1574
"848",74428,83,NA,"Females","22",5066,3644,381,818
"849",72600,69,6,"Females",NA,2981,2667,NA,NA
"850",420612,71,4,"Females","1",3022,2795,58,NA
"851",174171,94,9,"Males","2",9465,6960,437,1276
"852",387721,66,6,"Males","1",2467,2146,212,NA
"853",229557,49,4,"Females","1",902,787,33,NA
"854",41565,100,NA,"Females","4",8700,7215,NA,NA
"855",365133,96,8,"Males","2",10485,6885,621,968
"856",140331,56,5,"Males","2",1538,1370,29,NA
"857",201319,19,1,"Females","1",60,55,3,NA
"858",406421,55,4,"Males","1",1284,1152,65,NA
"859",366903,79,5,"Males","3",4420,3905,100,198
"860",325224,106,9,"Females","4",12660,10930,640,NA
"861",323859,5,NA,NA,NA,0.9,NA,NA,NA
"862",140076,32,3,"Males","1",248,227,6,NA
"863",406749,91,11,"Males","2",6900,5380,339,93
"864",100905,89,11,"Males","3",7435,6105,168,953
"865",144181,90,9,"Females","2",7145,5570,511,696
"866",320671,94,7,"Females","22",8700,6650,398,1095
"867",100864,98,NA,"Females","2",9960,8205,538,879
"868",316056,31,3,"Females","1",249,213,13,NA
"869",406137,47,3,"Males","1",745,695,10,NA
"870",114964,50,3,"Females","1",1044,944,40,NA
"871",17788,77,NA,NA,NA,3600,3200,NA,NA
"872",265876,66,5,"Females","4",2395,2164,64,NA
"873",114983,49,3,"Males","1",901,821,23,NA
"874",154618,35,NA,"Males","1",379,358,4,NA
"875",436331,60,4,"Males","1",1686,1564,55,NA
"876",400566,98,8,"Females","4",8490,7210,740,NA
"877",367720,83,11,"Females","2",7025,4560,420,565
"878",128656,77,NA,"Females","3",4218,3236,226,561
"879",26017,90,6,"Females","2",7550,6550,NA,NA
"880",173841,19,1,NA,NA,60,NA,NA,NA
"881",128928,60,4,"Females","1",2226,1927,45,NA
"882",246138,67,5,"Males","4",2578,2062,147,NA
"883",411615,80,8,"Females","2",4272,3362,330,341
"884",267700,39,2,"Males","1",614,555,24,NA
"885",331157,74,8,"Males","3",3905,3175,240,NA
"886",88704,77,NA,"Males","3",3278,2723,105,348
"887",17729,95,NA,"Males","3",8300,6500,NA,NA
"888",63033,61,4,"Males","2",2245,1818,115,251
"889",258224,113,9,"Females","22",13730,10725,172,1639
"890",93806,88,7,"Females","1",7135,5596,265,NA
"891",27006,18,1,NA,NA,41,37,NA,NA
"892",88224,109,7,"Females","2",18015,13245,1720,2337
"893",103483,84,NA,"Males","3",6810,5472,NA,NA
"894",402953,98,10,"Females","3",9760,7655,711,857
"895",101242,83,8,"Females","2",5746,4012,486,451
"896",315766,46,4,"Females","1",867,728,48,NA
"897",401730,91,8,"Females","2",6170,5090,435,375
"898",62773,77,8,"Females","2",3896,3126,358,214
"899",246130,106,9,"Females","4",14895,11715,784,NA
"900",94826,100,10,"Females","4",9160,7465,645,NA
"901",117462,88,6,"Females","2",6220,5210,NA,NA
"902",205196,82,6,NA,NA,6800,NA,NA,NA
"903",17729,110,NA,"Females","2",16800,12500,NA,NA
"904",195471,88,5,"Males","4",6050,5358,223,NA
"905",101332,92,8,"Females","4",7910,6625,427,NA
"906",95371,79,7,"Males","3",5484,3988,238,538
"907",62738,44,3,"Females","1",732,618,17,NA
"908",379105,51,8,"Males","2",1298,1089,26,122
"909",364834,28,3,"Females","1",174,156,3,NA
"910",380822,89,7,"Females","22",6275,4697,488,654
"911",196033,57,4,"Males","1",1858,1610,52,NA
"912",107397,89,NA,"Females","3",6040,4692,127,973
"913",208372,106,9,"Females","3",10890,7965,233,2128
"914",17774,78,NA,NA,NA,3600,3100,NA,NA
"915",201308,47,4,"Females","1",1119,1012,NA,NA
"916",63764,64,5,"Males","3",2537,1934,196,311
"917",394873,81,8,"Females","2",5249,3920,310,505
"918",112722,73,6,"Females","1",3098,2640,163,NA
"919",128556,102,NA,"Males","2",11810,9880,779,779
"920",147934,104,NA,"Females","3",12905,10250,653,NA
"921",406081,86,4,"Females","4",4855,4260,215,30
"922",280411,43,4,"Females","1",649,578,20,NA
"923",101304,87,NA,"Males","3",5302,4522,350,263
"924",414655,61,8,"Females","22",2211,1544,63,452
"925",243681,66,NA,NA,NA,2127,1868,NA,NA
"926",140656,55,5,"Females","1",1436,1310,31,NA
"927",411564,53,5,"Females","1",1286,1110,88,NA
"928",104963,111,9,"Females","2",17550,13205,929,NA
"929",101224,101,9,"Females","2",10835,7765,573,1190
"930",364380,46,5,"Females","1",815,674,57,NA
"931",76486,96,7,"Females","3",9060,7200,NA,NA
"932",212239,55,4,"Females","1",1519,1367,26,NA
"933",74019,65,5,"Males","3",2166,1861,52,191
"934",372727,63,5,"Males",NA,2353,2100,113,NA
"935",133067,61,NA,"Females","22",2267,1753,87,211
"936",83643,46,NA,"Males","1",827,726,42,NA
"937",95980,96,9,"Males","3",9890,6800,771,NA
"938",380583,79,6,"Males","3",4689,3794,236,415
"939",25892,64,5,"Males","1",1930,1760,NA,NA
"940",320272,83,8,"Females","2",5266,4232,296,529
"941",322847,64,5,"Females","4",1838,1669,61,NA
"942",114761,64,5,"Females","1",2164,1947,64,NA
"943",73347,92,8,"Females","1",6365,5792,81,NA
"944",243852,57,NA,"Females","1",1599,1406,78,NA
"945",315818,57,5,"Males","1",1373,1277,11,NA
"946",243860,74,NA,"Males","4",3028,2542,161,NA
"947",254781,91,9,"Males","2",6360,4976,305,783
"948",399899,95,8,"Males","3",9200,7385,723,517
"949",365099,79,6,"Females","2",4463,3662,361,168
"950",192261,6,NA,NA,NA,1.2,NA,NA,NA
"951",305953,81,8,"Males","2",4136,3418,267,262
"952",432661,100,9,"Females","4",13915,11070,594,NA
"953",182250,78,5,NA,NA,4056,NA,NA,NA
"954",267668,29,2,"Females","1",213,189,3,NA
"955",401792,97,9,"Females","22",10565,7670,755,1420
"956",316285,39,3,"Females","1",523,484,11,NA
"957",205614,65,NA,"Males","3",2239,1925,36,149
"958",96428,59,4,"Males","4",1956,1639,175,NA
"959",280512,64,6,"Males","2",2125,1752,121,166
"960",305881,79,8,"Females","5",3878,3432,140.9,NA
"961",436097,36,3,"Males","1",313,292,2,NA
"962",75696,89,8,"Males","4",6015,5458,NA,NA
"963",207044,98,8,"Females","2",11315,7640,371,1156
"964",159207,52,NA,NA,NA,1442,NA,NA,NA
"965",120792,94,NA,"Females","2",9425,7190,747,927
"966",386658,69,6,"Males","1",2917,2658,80,NA
"967",71738,41,3,"Females","1",521,464,19,NA
"968",94341,99,8,"Females","3",8885,6980,510,1090
"969",285131,69,6,"Males","4",3232,2644,188,NA
"970",325191,31,2,"Females","1",212,187,3,NA
"971",364563,65,6,"Males","4",3081,2421,104,4
"972",118246,71,6,"Males","1",2619,2399,58,NA
"973",73110,66,6,"Females","2",2281,2094,NA,NA
"974",406410,86,7,"Males","4",5095,4490,345,45
"975",340084,45,3,"Females","1",748,675,27,NA
"976",95883,90,7,"Males","2",8540,6420,429,1189
"977",362903,48,4,NA,NA,997,NA,NA,NA
"978",192228,6.9,NA,NA,NA,2.6,NA,NA,NA
"979",101148,97,8,"Males","2",10090,8060,NA,NA
"980",420651,49,4,"Males","1",955,840,46,NA
"981",73961,93,7,"Males","1",7105,6445,NA,NA
"982",364921,48,4,"Males","1",941,821,68,NA
"983",315829,40,4,"Females","1",521,488,9,NA
"984",370317,77,9,"Males","3",3944,3319,133,181
"985",50244,36,NA,"Males","1",440,385,NA,NA
"986",256953,84,10,"Males","3",5504,4408,282,NA
"987",402365,84,10,"Females","22",6440,4470,245,1380
"988",426124,47,4,"Females","1",787,710,34,NA
"989",83643,63,NA,"Females","1",2120,1777,128,NA
"990",114965,19,1,NA,NA,60,NA,NA,NA
"991",415122,117,11,"Males","3",17570,14305,802,1581
"992",219566,55,4,"Males","2",1296,1086,65,18
"993",331180,67,7,"Males","3",2785,2190,115,NA
"994",101306,95,9,"Females","22",9400,6545,783,1789
"995",208170,119,12,"Females","2",20655,15805,1073,2523
"996",336411,70,7,"Males","3",3717,2668,342,588
"997",416365,89,8,"Females",NA,6690,5336,526,NA
"998",70041,98,8,"Females","4",8415,7485,294,172
"999",203268,61,6,"Males","1",1761,1597,47,NA
"1000",387859,23,1,"Males","1",104,95,1,NA
